titulo,autor,anio_publicacion,decada,idioma,categoria,num_ediciones,rating_promedio,num_ratings
Biology,Neil Alexander Campbell,1987,1980s,English,science,57,3.88,25.0
The Fall of Hyperion,Dan Simmons,1990,1990s,Other,science,29,4.053571,56.0
Death's End (The Three-Body Problem Series Book 3),刘慈欣,2010,2010s,Chinese,science,27,4.35,100.0
Понедельник начинается в субботу; Пикник на обочине,Аркадий Стругацкий,1978,1970s,French,science,23,4.3,70.0
The Caves of Steel,Isaac Asimov,1953,1950s,Other,science,61,4.3076925,26.0
The Foundation Trilogy,Isaac Asimov,1950,1950s,German,science,54,4.1904764,63.0
The Dark Forest (The Three-Body Problem Series Book 2),刘慈欣,2008,2000s,Chinese,science,30,4.451613,31.0
Nightfall,Isaac Asimov,1969,1960s,Russian,science,27,4.185185,27.0
The Naked Sun,Isaac Asimov,1954,1950s,Chinese,science,52,3.9545455,22.0
I Have No Mouth and I Must Scream,Harlan Ellison,1972,1970s,English,science,5,4.116279,43.0
A short history of nearly everything,Bill Bryson,2003,2000s,German,science,57,4.158416,101.0
Altered Carbon,Richard K. Morgan,2002,2000s,Italian,science,28,3.85,60.0
God Emperor of Dune,Frank Herbert,1981,1980s,French,science,40,3.945946,74.0
The Mote in God's Eye,Larry Niven,1974,1970s,English,science,31,4.0425534,47.0
Dune Messiah,Frank Herbert,1969,1960s,German,science,70,3.9481483,135.0
2001,Arthur C. Clarke,1968,1960s,English,science,117,4.195122,123.0
The End of Eternity,Isaac Asimov,1955,1950s,Other,science,62,4.352941,17.0
"The Stars, Like Dust",Isaac Asimov,1951,1950s,Portuguese,science,47,3.5185184,27.0
Endymion,Dan Simmons,1995,1990s,Other,science,18,3.9333334,30.0
Lucifer's Hammer,Larry Niven,1977,1970s,English,science,13,4.0,30.0
Project Hail Mary,Andy Weir,2021,2020s,German,science,30,4.490683,161.0
Microbiology,Gerard J. Tortora,1982,1980s,English,science,80,4.285714,21.0
The Currents of Space,Isaac Asimov,1952,1950s,Chinese,science,46,3.8,15.0
What If?,Randall Munroe,1980,1980s,Spanish,science,44,4.308411,107.0
Artemis,Andy Weir,2017,2010s,Portuguese,science,33,3.6929133,127.0
"The Long Way to a Small, Angry Planet",Becky Chambers,2014,2010s,French,science,21,4.084337,83.0
Chapterhouse Dune,Frank Herbert,1985,1980s,Other,science,35,3.9,20.0
Pandora's Star,Peter F. Hamilton,2004,2000s,German,science,12,4.071429,42.0
The Martian Chronicles,Ray Bradbury,1950,1950s,Portuguese,science,138,4.093458,107.0
Astrophysics for People in a Hurry,Neil deGrasse Tyson,2017,2010s,English,science,15,3.9661016,59.0
A Closed and Common Orbit,Becky Chambers,2016,2010s,Portuguese,science,12,4.2173915,46.0
Friday,Robert A. Heinlein,1982,1980s,French,science,25,3.8666666,15.0
Burning Chrome,William Gibson,1986,1980s,Dutch,science,24,3.8958333,48.0
The Robots of Dawn,Isaac Asimov,1983,1980s,Russian,science,41,4.159091,44.0
The 48 Laws of Power,Robert Greene,1998,1990s,Other,science,55,4.016239,1170.0
Heretics of Dune,Frank Herbert,1984,1980s,Russian,science,35,3.86,50.0
Contact,Carl Sagan,1985,1980s,Other,science,50,4.1764708,102.0
Solaris,Stanisław Lem,1961,1960s,Italian,science,76,3.9285715,28.0
Snow Crash,Neal Stephenson,1992,1990s,French,science,41,4.068421,190.0
The Stars My Destination,Alfred Bester,1956,1950s,English,science,25,3.9166667,24.0
The Invisible Man,H. G. Wells,0,0s,Other,science,563,3.8018868,106.0
Ancillary Sword,Ann Leckie,2014,2010s,English,science,7,3.9298246,57.0
The Last Colony,John Scalzi,2007,2000s,Other,science,11,3.71875,64.0
Foundation,Isaac Asimov,1951,1950s,German,science,99,4.1070232,299.0
Dune,Frank Herbert,1965,1960s,Other,science,120,4.3049645,423.0
A Fire upon the Deep,Vernor Vinge,1992,1990s,English,science,24,4.257143,70.0
Starship Troopers,Robert A. Heinlein,1959,1950s,French,science,60,3.8225806,62.0
Robots and Empire,Isaac Asimov,1985,1980s,English,science,26,4.275862,29.0
Les Robots,Isaac Asimov,1950,1950s,Chinese,science,98,4.252747,182.0
Ubik,Philip K. Dick,1969,1960s,Other,science,68,3.9452055,73.0
The Demon-Haunted World,Carl Sagan,1995,1990s,Spanish,science,33,4.1190476,42.0
The Diamond Age,Neal Stephenson,1995,1990s,German,science,28,4.1,90.0
Sapiens,Yuval Noah Harari,2011,2010s,Other,science,86,4.226601,203.0
Destroy Me,Tahereh Mafi,2012,2010s,English,science,4,4.0869565,23.0
A Deepness in the Sky (Zones of Thought),Vernor Vinge,1999,1990s,English,science,10,4.428571,35.0
Foundation and Earth,Isaac Asimov,1986,1980s,Other,science,48,4.029412,68.0
Brief Answers to the Big Questions,Stephen Hawking,2014,2010s,Other,science,16,4.28,25.0
Nemesis Games,James S. A. Corey,2015,2010s,English,science,14,4.2777777,18.0
Principles of Anatomy and Physiology,Gerard J. Tortora,1975,1970s,Other,science,218,3.3809524,21.0
The Difference Engine,William Gibson,1990,1990s,English,science,28,3.32,25.0
The Number of the Beast,Robert A. Heinlein,1980,1980s,Other,science,19,3.0,8.0
Shards of Honor,Lois McMaster Bujold,1986,1980s,English,science,10,4.3333335,21.0
Dawn,Octavia E. Butler,1987,1980s,German,science,19,4.15625,32.0
A Modern Utopia,H. G. Wells,1900,1900s,Dutch,science,102,3.357143,14.0
"2010, odyssey two",Arthur C. Clarke,1982,1980s,Portuguese,science,41,3.7894738,38.0
The Gods of Mars,Edgar Rice Burroughs,1918,1910s,English,science,315,4.2,10.0
三体,刘慈欣,2008,2000s,Chinese,science,41,3.9292452,212.0
Use of Weapons,Iain Banks,1990,1990s,English,science,16,3.9661016,59.0
Kongres futurologiczny,Stanisław Lem,1974,1970s,English,science,25,4.142857,21.0
The Gods Themselves,Isaac Asimov,1972,1970s,Other,science,49,4.0444446,45.0
Geography,Harm J. de Blij,1971,1970s,English,science,31,4.5,2.0
Xenocide,Orson Scott Card,1991,1990s,French,science,38,3.795699,93.0
Minority Report,Philip K. Dick,1998,1990s,English,science,14,3.8695652,23.0
International Review of Cell and Molecular Biology,Kwang W. Jeon,2008,2000s,English,science,95,3.6666667,3.0
Virtual light,William Gibson,1743,1740s,English,science,26,3.7586207,29.0
Foundation and Empire,Isaac Asimov,1945,1940s,Dutch,science,82,4.114865,148.0
Discrete Mathematics with Applications,Susanna S. Epp,1990,1990s,English,science,16,3.2,5.0
Rocannon's World,Ursula K. Le Guin,1966,1960s,German,science,26,3.642857,14.0
The Science Fiction Hall of Fame -- Volume One,Robert Silverberg,1970,1970s,English,science,31,4.5,6.0
A Briefer History of Time,Stephen Hawking,2005,2000s,Chinese,science,34,3.652174,23.0
The Chrysalids,John Wyndham,1955,1950s,English,science,37,4.3333335,9.0
The Ringworld throne,Larry Niven,1996,1990s,English,science,11,3.15,20.0
Protector,Larry Niven,1973,1970s,English,science,19,4.0666666,15.0
Abaddon’s Gate,James S. A. Corey,2013,2010s,English,science,12,4.147059,68.0
The player of games,Iain Banks,1988,1980s,German,science,23,4.202532,79.0
Bumi Manusia,Pramoedya Ananta Toer,1972,1970s,Dutch,science,18,4.4246573,73.0
"Works (Hitch Hiker's Guide to the Galaxy / Restaurant at the End of the Universe / Life, the Universe and Everything / So Long, and Thanks for All the Fish / Mostly Harmless / Young Zaphod Plays it Safe)",Douglas Adams,1996,1990s,Italian,science,10,4.4134617,104.0
The Sirens of Titan,Kurt Vonnegut,1959,1950s,Spanish,science,31,3.8333333,12.0
Diaspora,Greg Egan,1997,1990s,English,science,12,3.5714285,14.0
Blindsight,Peter Watts,2006,2000s,Chinese,science,12,4.076923,65.0
The Martian,Andy Weir,2011,2010s,Italian,science,74,4.3944955,327.0
Broken Angels,Richard K. Morgan,2003,2000s,English,science,16,3.5,28.0
The Rise of Endymion,Dan Simmons,1997,1990s,Spanish,science,14,4.0,21.0
Prelude to Foundation,Isaac Asimov,1988,1980s,Portuguese,science,43,3.75,12.0
Pebble in the Sky,Isaac Asimov,1950,1950s,German,science,42,4.1153846,26.0
Defy Me (Shatter Me),Tahereh Mafi,2019,2010s,English,science,8,4.75,16.0
On Basilisk Station,David Weber,1993,1990s,German,science,18,3.5217392,23.0
Green Mars,Kim Stanley Robinson,1993,1990s,German,science,30,3.7837837,37.0
Shatter Me Complete Collection,Tahereh Mafi,2011,2010s,English,science,4,4.3846154,26.0
The Day of the Triffids,John Wyndham,1951,1950s,Spanish,science,63,4.0487804,41.0
Debt,David Graeber,2011,2010s,Italian,history,11,4.6136365,44.0
The Story of Philosophy,Will Durant,1926,1920s,German,history,147,4.111111,18.0
A People's History of the United States,Howard Zinn,1980,1980s,Other,history,44,4.162791,43.0
Ringkasan sejarat filsafat,K. Bertens,1975,1970s,English,history,1,4.6,20.0
The great conversation,Norman Melchert,1991,1990s,English,history,37,4.1538463,13.0
Mga gunita ng himagsikan,Emilio Aguinaldo,1998,1990s,Other,history,1,3.85,20.0
Thirty years of the Soviet state,Desconocido,1947,1940s,English,history,1,4.120482,83.0
The Lessons of History,Will Durant,1968,1960s,Other,history,21,3.857143,7.0
Freedom at Midnight,Dominique Lapierre,1975,1970s,English,history,48,4.0,15.0
The Art of War,孙武 (Sun Tzu),1900,1900s,German,history,1542,4.081761,159.0
Sapiens,Yuval Noah Harari,2011,2010s,Other,history,86,4.226601,203.0
Capitalist Realism,Mark Fisher,2009,2000s,Portuguese,history,7,4.0416665,24.0
The story of art,E. H. Gombrich,1950,1950s,English,history,44,4.1875,16.0
The Age of Revolution,Eric Hobsbawm,1962,1960s,English,history,66,3.2857144,7.0
21 Lessons for the 21st Century,Yuval Noah Harari,2018,2010s,Other,history,33,4.0227275,44.0
The Rise and Fall of the Third Reich,William L. Shirer,1901,1900s,English,history,44,4.1538463,13.0
Bumi Manusia,Pramoedya Ananta Toer,1972,1970s,Dutch,history,18,4.4246573,73.0
A history of the modern world,R. R. Palmer,1950,1950s,English,history,23,4.571429,7.0
The Dawn of Everything,David Graeber,2021,2020s,Portuguese,history,18,4.1666665,18.0
Art,Frederick Hartt,1969,1960s,English,history,37,5.0,3.0
The Unfinished Nation,Alan Brinkley,1993,1990s,English,history,49,4.3333335,3.0
The discovery of India,Jawaharlal Nehru,1946,1940s,English,history,44,4.071429,14.0
Art history,Marilyn Stokstad,1995,1990s,English,history,46,4.5,4.0
Letters from a father to his daughter,Jawaharlal Nehru,1930,1930s,Other,history,15,4.714286,7.0
Postwar,Tony Judt,2005,2000s,Other,history,18,3.8,5.0
The Enduring Vision,Paul S. Boyer,1987,1980s,English,history,110,4.6666665,9.0
A history of the English-speaking peoples,Winston S. Churchill,1950,1950s,English,history,211,3.6,5.0
History of art,H. W. Janson,1962,1960s,English,history,48,4.5,6.0
An echo in the darkness,Francine Rivers,1994,1990s,Spanish,history,17,4.4545455,11.0
Traditions & encounters,Jerry H. Bentley,1999,1990s,English,history,43,4.6666665,3.0
A History of Western Philosophy,Bertrand Russell,1945,1940s,Chinese,history,14,4.1666665,24.0
Letters on demonology and witchcraft,Sir Walter Scott,1830,1830s,English,history,32,4.0,1.0
A Room of One's Own,Virginia Woolf,1929,1920s,Other,history,303,4.324324,37.0
La conquête du pain,Peter Kropotkin,1892,1890s,Portuguese,history,146,4.071429,14.0
Ioannis Zonarae Annales,"Zonaras, Joannes",1841,1840s,Other,history,1,4.0833335,12.0
ההיסטוריה של המחר,Yuval Noah Harari,2015,2010s,English,history,35,4.21875,32.0
The Mother Tongue,Bill Bryson,1656,1650s,English,history,29,3.5625,16.0
The Silk Roads,Peter Frankopan,2015,2010s,English,history,16,4.428571,14.0
Rizal without the overcoat,Ambeth R. Ocampo,1990,1990s,English,history,3,4.7777777,9.0
Der Untergang des Abendlandes,Oswald Spengler,1918,1910s,German,history,139,4.0,1.0
History of the Filipino People,Teodoro A. Agoncillo,1969,1960s,English,history,4,3.7142856,14.0
The worldly philosophers,Robert L. Heilbroner,1953,1950s,Spanish,history,66,4.4680853,47.0
A Walk in the Woods,Bill Bryson,1997,1990s,English,history,35,3.9230769,65.0
History of Africa,Kevin Shillington,1989,1980s,English,history,12,2.5,2.0
The Eagle of the Ninth. 1400 Grundwörter.,Rosemary Sutcliff,1954,1950s,English,history,33,4.0,4.0
Manifest der Kommunistischen Partei,Karl Marx,1848,1840s,German,history,459,3.5454545,77.0
Sleep walkers,Arthur Koestler,1959,1950s,English,history,26,4.3333335,3.0
The Palace of Illusions,Chitra Banerjee Divakaruni,2008,2000s,English,history,3,4.0555553,18.0
Lies My Teacher Told Me,James W. Loewen,1994,1990s,Spanish,history,29,4.0555553,18.0
The Emperor of All Maladies,Siddhartha Mukherjee,2010,2010s,English,history,29,4.0833335,12.0
A Distant Mirror,Barbara Tuchman,1600,1600s,English,history,46,4.0,13.0
A Study of History,Arnold J. Toynbee,1900,1900s,English,history,119,4.5,8.0
Documentary sources of Philippine history,Gregorio F. Zaide,1990,1990s,English,history,1,2.4,5.0
1776,David McCullough,2006,2000s,English,history,1,4.2941175,17.0
P'ing-yang hsien chih,Desconocido,1970,1970s,Chinese,history,1,3.5,12.0
Islam,Karen Armstrong,2000,2000s,English,history,13,4.0,4.0
History of the Decline and Fall of the Roman Empire Complete and Unabridged,Edward Gibbon,1776,1770s,English,history,222,4.5,8.0
"Guns, germs, and steel",Jared M. Diamond,1997,1990s,French,history,58,4.125828,151.0
The business world,Desconocido,1912,1910s,English,history,1,4.25,8.0
The Destruction of black civilisation,Chancellor Williams,1971,1970s,English,history,13,5.0,1.0
A short history of chemistry,Isaac Asimov,1965,1960s,Spanish,history,8,3.0,1.0
History,Herodotus,1494,1490s,Other,history,282,3.875,16.0
Discovering Classical Music,Ian Christians,1991,1990s,English,history,125,3.0,1.0
The world of William Penn,Genevieve Foster,1973,1970s,English,history,4,4.5,2.0
The Great Transformation,Karl Polanyi,1944,1940s,Chinese,history,33,4.0,5.0
A history of India,Romila Thapar,1965,1960s,English,history,8,5.0,4.0
A history of Western architecture,David Watkin,1986,1980s,English,history,10,3.0,1.0
"The Muqaddimah, an introduction to history",Ibn Khaldūn,1858,1850s,Other,history,54,4.857143,7.0
Twelve years a slave,Solomon Northup,1853,1850s,Portuguese,history,1029,4.4545455,11.0
The Story of Civilization I,Will Durant,1935,1930s,English,history,38,4.0,3.0
A short history of nearly everything,Bill Bryson,2003,2000s,German,history,57,4.158416,101.0
"Ancient, Medieval, and Non-European Art",Helen Gardner,1980,1980s,English,history,17,4.0,1.0
America,George Brown Tindall,1984,1980s,English,history,66,4.0,1.0
Siete breves lecciones de física,Carlo Rovelli,2014,2010s,Italian,history,13,3.5517242,29.0
Tragedy of Hyderabad,Mir Laik Ali,1962,1960s,English,history,1,3.6666667,3.0
Prehispanic source materials for the study of Philippine history,William Henry Scott,1984,1980s,English,history,1,3.4285715,7.0
Give Me Liberty!,Eric Foner,2004,2000s,English,history,12,2.5,2.0
The ascent of money,Niall Ferguson,2008,2000s,English,history,17,4.0,13.0
American Odyssey,Gary B. Nash,1991,1990s,English,history,10,1.0,1.0
After the fact,James West Davidson,1981,1980s,English,history,22,4.25,8.0
Anak Semua Bangsa,Pramoedya Ananta Toer,1973,1970s,Chinese,history,13,4.5,12.0
Philippine history and government,Gregorio F. Zaide,1938,1930s,English,history,3,4.5,10.0
La dame de Monsoreau,Alexandre Dumas,1840,1840s,Russian,history,130,4.0,2.0
The Art of Seduction,Robert Greene,2001,2000s,English,history,22,3.9732144,112.0
Osman's Dream,Caroline Finkel,2005,2000s,English,history,10,5.0,1.0
Abraham Lincoln,Carl Sandburg,1926,1920s,Chinese,history,74,4.076923,26.0
Piacenza nella storia,Desconocido,1990,1990s,Italian,history,1,3.0,4.0
Killers of the Flower Moon,David Grann,2017,2010s,English,history,19,4.130435,23.0
Kleine Geschichten aus Thüringen,Desconocido,1991,1990s,German,history,1,4.25,4.0
On Tyranny,Timothy Snyder,2017,2010s,Spanish,history,21,4.2222223,27.0
"Genova, Ragusa, mare =",Desconocido,1993,1990s,Italian,history,1,3.4166667,12.0
"Götter, Gräber und Gelehrte",C. W. Ceram,1949,1940s,French,history,114,5.0,2.0
Before the Mayflower,Lerone Bennett,1960,1960s,English,history,50,3.0,2.0
The Summer I Turned Pretty Trilogy,Jenny Han,2009,2000s,Spanish,fiction,12,4.275862,87.0
The Picture of Dorian Gray,Oscar Wilde,1890,1890s,German,fiction,3012,4.1788616,123.0
Shatter Me,Tahereh Mafi,2011,2010s,English,fiction,24,3.9144385,187.0
The Silent Patient,Alex Michaelides,2018,2010s,Other,fiction,26,4.0459185,196.0
The Cruel Prince,Holly Black,2018,2010s,Other,fiction,18,4.00625,160.0
Diary of a Wimpy Kid,Jeff Kinney,2007,2000s,German,fiction,96,4.1062355,433.0
It Ends With Us,Colleen Hoover,2012,2010s,Portuguese,fiction,56,4.2003818,1048.0
The Invisible Man,H. G. Wells,0,0s,Other,fiction,563,3.8018868,106.0
"Red, White & Royal Blue",Casey McQuiston,2019,2010s,Spanish,fiction,20,4.1555557,180.0
Powerless,Lauren Roberts,2023,2020s,English,fiction,13,4.0,65.0
Unravel me,Tahereh Mafi,2013,2010s,English,fiction,17,3.85,40.0
Carmilla,Sheridan Le Fanu,1871,1870s,Italian,fiction,571,3.921875,64.0
The Summer I Turned Pretty,Jenny Han,2000,2000s,Portuguese,fiction,26,4.2651515,132.0
The Eyes of Darkness,Dean Koontz,1981,1980s,German,fiction,33,3.8682635,167.0
The Time Machine,H. G. Wells,1895,1890s,Spanish,fiction,1146,4.00813,123.0
Wuthering Heights,Emily Brontë,1846,1840s,Other,fiction,2886,4.1157894,285.0
A Wizard of Earthsea,Ursula K. Le Guin,1968,1960s,Chinese,fiction,86,3.9491525,118.0
They Both Die at the End,Adam Silvera,2017,2010s,Spanish,fiction,15,4.090909,66.0
Anne of the Island,Lucy Maud Montgomery,1915,1910s,Other,fiction,781,3.875,16.0
Anne of Green Gables,Lucy Maud Montgomery,1908,1900s,German,fiction,1299,4.3092785,97.0
The Scarlet Letter,Nathaniel Hawthorne,1800,1800s,German,fiction,2406,3.40625,128.0
Caraval,Stephanie Garber,2000,2000s,English,fiction,26,3.8333333,48.0
The Great Gatsby,F. Scott Fitzgerald,1920,1920s,Other,fiction,1179,3.965812,234.0
A Princess of Mars,Edgar Rice Burroughs,1912,1910s,Spanish,fiction,456,3.893617,47.0
Мастер и Маргарита,Михаил Афанасьевич Булгаков,1966,1960s,Other,fiction,234,4.1368423,95.0
The Shining,Stephen King,1977,1970s,French,fiction,97,4.172043,279.0
La Peste,Albert Camus,1942,1940s,German,fiction,280,4.121212,33.0
Haunting Adeline,H. D. Carlton,2021,2020s,Spanish,fiction,16,3.6038961,308.0
Mrs. Dalloway,Virginia Woolf,1925,1920s,German,fiction,476,3.64,50.0
The Wonderful Wizard of Oz,L. Frank Baum,1899,1890s,German,fiction,2049,3.935484,124.0
The Secret Garden,Frances Hodgson Burnett,1911,1910s,English,fiction,1594,3.9333334,90.0
Interview With the Vampire,Anne Rice,1976,1970s,German,fiction,83,3.9247313,93.0
The Outsiders,S. E. Hinton,1967,1960s,Russian,fiction,77,4.36,125.0
Frankenstein or The Modern Prometheus,Mary Shelley,1818,1810s,German,fiction,2185,3.9680364,219.0
Atlas Shrugged (Centennial Ed. HC),Ayn Rand,1936,1930s,Spanish,fiction,77,3.278261,115.0
The Silmarillion,J.R.R. Tolkien,1977,1970s,Other,fiction,149,3.9661016,118.0
The Sun Also Rises,Ernest Hemingway,1926,1920s,German,fiction,215,3.7941177,34.0
Misery,Stephen King,1978,1970s,Italian,fiction,99,4.1678834,137.0
The Fellowship of the Ring,J.R.R. Tolkien,1954,1950s,German,fiction,297,4.3589745,390.0
A Good Girl's Guide to Murder,Holly Jackson,2019,2010s,Other,fiction,38,4.0060606,165.0
Dork Diaries Collection,Rachel Renée Russell,2020,2020s,English,fiction,13,4.1666665,42.0
We Were Never Meant To Be,Palle Vasu,2025,2020s,English,fiction,1,3.4945054,91.0
The Lost World,Arthur Conan Doyle,1900,1900s,German,fiction,747,4.0454545,44.0
Записки изъ подполья,Фёдор Михайлович Достоевский,1864,1860s,German,fiction,837,4.255814,43.0
Verity,Colleen Hoover,2018,2010s,English,fiction,23,3.856,125.0
Restore me,Tahereh Mafi,2018,2010s,English,fiction,9,4.0833335,24.0
The War of the Worlds,H. G. Wells,0,0s,German,fiction,457,3.826087,161.0
White Fang,Jack London,1905,1900s,German,fiction,387,4.0,66.0
Emma,Jane Austen,1815,1810s,Other,fiction,2263,3.9666667,60.0
A Little Princess,Frances Hodgson Burnett,1905,1900s,Spanish,fiction,305,4.2,20.0
L’étranger,Albert Camus,1942,1940s,German,fiction,468,4.0826445,121.0
The Mystery of the Blue Train,Agatha Christie,1928,1920s,German,fiction,124,3.9629629,27.0
Double Down,Jeff Kinney,2007,2000s,Other,fiction,52,4.491071,112.0
Anthem,Ayn Rand,1936,1930s,English,fiction,103,3.490196,51.0
Voyage au Centre de la Terre,Jules Verne,1867,1860s,Other,fiction,205,4.088889,90.0
Howl's Moving Castle,Diana Wynne Jones,1986,1980s,French,fiction,37,4.4528303,106.0
The Queen of Nothing,Holly Black,2019,2010s,English,fiction,9,4.3,10.0
Insomnia,Stephen King,1994,1990s,Spanish,fiction,58,3.862745,102.0
Metamorphosis,Franz Kafka,1915,1910s,German,fiction,954,4.1744967,149.0
Diary of a Wimpy Kid,Jeff Kinney,2017,2010s,Other,fiction,39,4.6567163,67.0
A Gentleman in Moscow,Amor Towles,2016,2010s,Spanish,fiction,28,3.8873239,71.0
The Naked Sun,Isaac Asimov,1954,1950s,Chinese,fiction,52,3.9545455,22.0
To Kill a Mockingbird,Harper Lee,1960,1960s,German,fiction,213,4.123077,260.0
All your perfects,Colleen Hoover,2018,2010s,German,fiction,15,3.7560976,41.0
Harry Potter and the Philosopher's Stone,J. K. Rowling,1997,1990s,Other,fiction,398,4.213573,1002.0
Le Comte de Monte Cristo,Alexandre Dumas,1830,1830s,German,fiction,735,4.2886596,194.0
Le petit prince,Antoine de Saint-Exupéry,1943,1940s,Other,fiction,688,4.362832,226.0
The Princess Bride,William Goldman,1973,1970s,English,fiction,31,4.244898,98.0
Ubik,Philip K. Dick,1969,1960s,Other,fiction,68,3.9452055,73.0
Harry Potter and the Chamber of Secrets,J. K. Rowling,1998,1990s,German,fiction,305,4.183223,453.0
The One (The Selection #3),Kiera Cass,2012,2010s,Chinese,fiction,26,4.5,30.0
Dune,Frank Herbert,1965,1960s,Other,fiction,120,4.3049645,423.0
The Strange Case of Dr. Jekyll and Mr. Hyde,Robert Louis Stevenson,1875,1870s,German,fiction,373,3.9510489,143.0
Sofies verden,Jostein Gaarder,1991,1990s,Other,fiction,51,3.9791667,48.0
We'll Always Have Summer,Jenny Han,2011,2010s,English,fiction,14,4.0833335,36.0
Oliver Twist,Charles Dickens,1822,1820s,German,fiction,2209,4.097561,82.0
The Caves of Steel,Isaac Asimov,1953,1950s,Other,fiction,61,4.3076925,26.0
The Handmaid's Tale,Margaret Atwood,1985,1980s,German,fiction,164,3.944882,127.0
Anne of Avonlea,Lucy Maud Montgomery,1909,1900s,Other,fiction,813,4.275862,29.0
Animal Farm,George Orwell,1945,1940s,German,fiction,650,4.1514087,568.0
Dork Diaries,Rachel Renée Russell,2009,2000s,English,fiction,5,4.2,45.0
Foundation,Isaac Asimov,1951,1950s,German,fiction,99,4.1070232,299.0
Demian,Hermann Hesse,1919,1910s,Other,fiction,176,4.2105265,57.0
Death's End (The Three-Body Problem Series Book 3),刘慈欣,2010,2010s,Chinese,fiction,27,4.35,100.0
The Blade Itself,Joe Abercrombie,2001,2000s,English,fiction,16,4.111111,90.0
The Bell Jar,Sylvia Plath,1948,1940s,Other,fiction,159,4.223881,67.0
House of Leaves,Mark Z. Danielewski,1998,1990s,Portuguese,fiction,14,4.3333335,63.0
Dracula,Bram Stoker,1897,1890s,German,fiction,736,4.0430107,186.0
"Are You There God? It's Me, Margaret.",Judy Blume,1970,1970s,English,fiction,66,4.1842103,38.0
Pollyanna,Eleanor Hodgman Porter,1912,1910s,Other,fiction,552,3.8636363,22.0
Watership Down,Richard Adams,1972,1970s,German,fiction,97,4.1359224,103.0
Kindred,Octavia E. Butler,1979,1970s,English,fiction,29,4.4166665,48.0
Shatter Me Complete Collection,Tahereh Mafi,2011,2010s,English,fiction,4,4.3846154,26.0
Fahrenheit 451,Ray Bradbury,1953,1950s,Other,fiction,261,3.983908,435.0
Exile,Shannon Messenger,2012,2010s,English,fiction,18,4.703704,27.0
I Have No Mouth and I Must Scream,Harlan Ellison,1972,1970s,English,fiction,5,4.116279,43.0
Pride and Prejudice,Jane Austen,1813,1810s,Other,fiction,4038,4.2015305,392.0
Deception Point,Dan Brown,2001,2000s,Portuguese,fiction,96,3.3362832,113.0
Coraline,Neil Gaiman,2001,2000s,Other,fiction,94,4.030457,197.0
The Man in the Brown Suit,Agatha Christie,1924,1920s,Other,fiction,201,4.1578946,19.0
Hello world,Hannah Fry,2018,2010s,English,technology,9,4.0833335,12.0
Elon Musk,Ashlee Vance,2013,2010s,Other,technology,22,4.060606,165.0
Dark Matter,Blake Crouch,2016,2010s,Portuguese,technology,22,4.035294,85.0
Digital Minimalism,Cal Newport,2019,2010s,English,technology,9,3.4666667,15.0
The Circle,Dave Eggers,2013,2010s,German,technology,38,3.4444444,27.0
All Tomorrow's Parties,William Gibson,1999,1990s,Spanish,technology,21,3.8636363,22.0
Transactions on Engineering Technologies,Sio-Iong Ao,2013,2010s,English,technology,40,3.0,1.0
Good to Great,Jim Collins,2001,2000s,English,technology,4,3.7391305,23.0
Small Is Beautiful,E. F. Schumacher,1905,1900s,German,technology,50,4.4210525,19.0
Zodiac,Neal Stephenson,1988,1980s,Other,technology,17,3.64,25.0
Crossing the Chasm,Geoffrey A. Moore,1991,1990s,English,technology,21,4.230769,13.0
Industrial Society and Its Future,Theodore Kaczynski,1995,1990s,English,technology,24,4.0,10.0
Profiles of the future,Arthur C. Clarke,1962,1960s,English,technology,20,5.0,3.0
The Book,Hungry Minds,2022,2020s,Spanish,technology,2,4.428571,14.0
What technology wants,Kevin Kelly,2010,2010s,English,technology,2,3.75,8.0
Life 3.0,Max Tegmark,2017,2010s,English,technology,8,4.0588236,17.0
Operating manual for spaceship earth,R. Buckminster Fuller,1969,1960s,English,technology,16,5.0,3.0
Inspired,Marty Cagan,2008,2000s,English,technology,10,4.2941175,17.0
Red Storm Rising,Tom Clancy,1983,1980s,English,technology,35,3.82243,107.0
Techno-Feudalism,Yanis Varoufakis,2023,2020s,English,technology,9,3.0,1.0
The Innovators,Walter Isaacson,2014,2010s,English,technology,18,3.9545455,22.0
Computer Concepts and Management Information Systems,C. P. Gupta,2020,2020s,English,technology,3,5.0,2.0
How to Do Nothing,Jenny Odell,2019,2010s,English,technology,13,4.0833335,24.0
The infrared handbook,Desconocido,1978,1970s,English,technology,1,4.0,10.0
Connections,"Burke, James",1978,1970s,English,technology,10,4.5,4.0
The nature and properties of soils,Nyle C. Brady,1974,1970s,English,technology,13,3.857143,7.0
Human Anatomy,Elaine Nicpon Marieb,1992,1990s,English,technology,38,3.8,5.0
"CGEIT Review Manual, 8th Edition",Isaca,2020,2020s,English,technology,1,5.0,1.0
Teaching and learning with technology,Judy Lever-Duffy,2002,2000s,English,technology,18,3.6666667,3.0
The Future Is Faster Than You Think,Peter H. Diamandis,2020,2020s,English,technology,5,3.5,2.0
Timeline,Michael Crichton,1999,1990s,German,technology,64,3.5084746,59.0
The processes of technological innovation,Louis G. Tornatzky,1990,1990s,English,technology,1,5.0,2.0
Machine design,Aaron D. Deutschman,1975,1970s,English,technology,4,3.0,2.0
Introduction to Fluid Power,James L Johnson,2001,2000s,English,technology,1,4.0,2.0
Indistractable,Nir Eyal,2019,2010s,English,technology,5,3.8888888,9.0
"Science, technology, and society",Robert E. McGinn,1991,1990s,English,technology,1,3.0,1.0
Demon Seed,Dean Koontz,1973,1970s,German,technology,26,4.0,6.0
Who Owns the Future?,Jaron Lanier,2013,2010s,English,technology,7,4.0,3.0
"Post harvest technology of cereals, pulses and oilseeds",Amalendu Chakraverty,1988,1980s,English,technology,2,3.5,6.0
Novacene,James Lovelock,2019,2010s,English,technology,9,5.0,4.0
Rainbow six,Tom Clancy,1998,1990s,Chinese,technology,25,3.8333333,36.0
Grunch of giants,R. Buckminster Fuller,1983,1980s,English,technology,4,5.0,3.0
"Fall; or, Dodge in Hell",Neal Stephenson,2019,2010s,English,technology,9,2.8888888,9.0
Jejak pemikiran B.J. Habibie,B. J. Habibie,2010,2010s,Other,technology,1,5.0,6.0
Bad Blood,John Carreyrou,2018,2010s,Chinese,technology,19,4.283019,53.0
Abundance,Peter H. Diamandis,2012,2010s,English,technology,5,3.25,4.0
R.U.R. and The insect play,Karel Čapek,1920,1920s,Spanish,technology,147,3.75,8.0
Managing engineering and technology,Lucy Morse,2006,2000s,English,technology,11,1.0,1.0
The Day the Universe Changed,"Burke, James",1985,1980s,English,technology,10,4.5,2.0
Toyota Production System,Taiichi Ohno,1988,1980s,English,technology,6,3.3333333,3.0
Digital Electronics,William Kleitz,1987,1980s,English,technology,24,3.0,1.0
"Engineering Mechanics, Statics & Dynamics",R. C. Hibbeler,1974,1970s,English,technology,55,4.6153846,13.0
Rise of the Robots,Martin Ford,1708,1700s,English,technology,9,4.4,10.0
The Way Things Work,David Macaulay,1988,1980s,Chinese,technology,26,4.2222223,9.0
Synthesis/Processing of Lightweight Metallic Materials,Desconocido,1996,1990s,English,technology,1,4.0,1.0
Power hydraulics,Michael J. Pinches,1988,1980s,English,technology,2,4.0,2.0
Ignited Minds,A. P. J. Abdul Kalam,2012,2010s,English,technology,2,3.9333334,15.0
The Right Stuff,Tom Wolfe,1979,1970s,Spanish,technology,32,4.266667,15.0
The Knowledge,Lewis Dartnell,2014,2010s,Spanish,technology,9,4.0,3.0
Technopoly,Neil Postman,1992,1990s,English,technology,5,3.857143,7.0
Building a Second Brain,Tiago Forte,2022,2020s,English,technology,8,3.5555556,9.0
Soonish,Kelly Weinersmith,2017,2010s,English,technology,5,4.0,5.0
The real world of technology,Ursula M. Franklin,1990,1990s,English,technology,3,4.0,4.0
ICT,Chris Abbott,2000,2000s,English,technology,6,5.0,1.0
In the Beginning...Was the Command Line,Neal Stephenson,1999,1990s,German,technology,10,3.68,25.0
Masters of Doom,David Kushner,2003,2000s,English,technology,9,4.1714287,35.0
Wastewater treatment plants,Syed R. Qasim,1985,1980s,English,technology,10,4.6666665,3.0
Networking for dummies,Doug Lowe,1994,1990s,English,technology,9,5.0,1.0
Democratizing innovation,Eric von Hippel,2005,2000s,English,technology,6,4.1666665,6.0
Understanding automotive electronics,William B. Ribbens,1982,1980s,Spanish,technology,12,5.0,1.0
Extreme Privacy,Michael Bazzell,2019,2010s,English,technology,5,5.0,1.0
You are not a gadget,Jaron Lanier,2010,2010s,English,technology,4,3.4285715,7.0
Sensory evaluation techniques,Morten Meilgaard,1987,1980s,English,technology,23,4.0,1.0
Design Is a Job,Mike Monteiro,2012,2010s,English,technology,1,3.8333333,6.0
Introduction to electric circuits,Herbert W. Jackson,1959,1950s,English,technology,25,5.0,1.0
Plastics materials,J. A. Brydson,1966,1960s,English,technology,13,1.0,1.0
ההיסטוריה של המחר,Yuval Noah Harari,2015,2010s,English,technology,35,4.21875,32.0
Only the paranoid survive,Andrew S. Grove,1996,1990s,English,technology,4,3.0,2.0
Engineering tribology,G. W. Stachowiak,1993,1990s,English,technology,11,1.5,2.0
The existential pleasures of engineering,Samuel C. Florman,1975,1970s,English,technology,10,3.0,1.0
Modern Engineering Mathematics,Glyn James,1920,1920s,English,technology,12,5.0,1.0
Picasso,Pablo Picasso,1926,1920s,German,art,240,3.909091,22.0
Ways of Seeing,John Berger,1972,1970s,English,art,16,4.0,18.0
Vincent van Gogh,Vincent van Gogh,1914,1910s,German,art,114,4.15,20.0
Paul Klee,Paul Klee,1930,1930s,Other,art,150,3.7333333,15.0
Chto takoe iskusstvo? / What is art?,Лев Толстой,1898,1890s,Other,art,44,3.3333333,3.0
The story of art,E. H. Gombrich,1950,1950s,English,art,44,4.1875,16.0
Van Gogh,Federico Zeri,1937,1930s,German,art,91,5.0,4.0
Henry Moore,David Sylvester,1934,1930s,Dutch,art,146,4.388889,18.0
Homeport,Nora Roberts,1998,1990s,Spanish,art,38,3.5,4.0
Art history,Marilyn Stokstad,1995,1990s,English,art,46,4.5,4.0
Public Speaking and Influencing Men in Business,Dale Carnegie,1926,1920s,English,art,59,4.285714,14.0
Leonardo,Leonardo da Vinci,1946,1940s,German,art,89,3.9487178,39.0
"Vite de' più eccellenti pittori, scultori et architettori",Giorgio Vasari,1759,1750s,French,art,91,3.0,4.0
Andy Warhol,Andy Warhol,1967,1960s,Other,art,84,4.75,4.0
History of art,H. W. Janson,1962,1960s,English,art,48,4.5,6.0
Gorin no sho,Miyamoto Musashi,1963,1960s,French,art,236,3.7837837,37.0
Art & fear,David Bayles,1993,1990s,English,art,12,4.25,8.0
"Painting with Crayons, Pastels and Chalks (The Complete Art Course)",Desconocido,1994,1990s,Other,art,1,4.390244,41.0
Art Through the Ages,Helen Gardner,1926,1920s,English,art,74,5.0,2.0
Die Gestalt des Menschen,Gottfried Bammes,1973,1970s,English,art,8,4.090909,11.0
Kunst in fernen Welten.,Desconocido,1949,1940s,German,art,1,3.8666666,15.0
Naturalis historia,Pliny the Elder,1469,1460s,German,art,100,3.8,5.0
The dot,Peter H. Reynolds,2003,2000s,Japanese,art,28,4.642857,14.0
Production for graphic designers,Alan Pipes,1992,1990s,English,art,12,5.0,2.0
Gardner's Art Through the Ages,Fred S. Kleiner,2009,2000s,English,art,30,4.5,2.0
The Art of Public Speaking,Stephen E. Lucas,1983,1980s,English,art,80,3.1666667,6.0
Art and illusion,E. H. Gombrich,1960,1960s,English,art,20,4.6666665,3.0
How to Talk to Anyone,Leil Lowndes,1999,1990s,Other,art,10,3.8474576,59.0
Sozialgeschichte der Kunst und Literatur,Arnold Hauser,1951,1950s,English,art,129,2.6666667,3.0
Arts & Architecture,Desconocido,1998,1990s,English,art,1,4.076923,13.0
How to Do Nothing,Jenny Odell,2019,2010s,English,art,13,4.0833335,24.0
"The Renaissance, Studies in Art and Poetry",Walter Pater,1873,1870s,German,art,156,5.0,1.0
Georg Baselitz,Georg Baselitz,1970,1970s,Other,art,113,4.0,1.0
"Ancient, Medieval, and Non-European Art",Helen Gardner,1980,1980s,English,art,17,4.0,1.0
Concepts of Modern Art,Nikos Stangos,1974,1970s,English,art,12,4.0,2.0
Art,Frederick Hartt,1969,1960s,English,art,37,5.0,3.0
Janson's history of art,H. W. Janson,2006,2000s,English,art,16,4.75,4.0
By the Stage Door,Ada Patterson,2005,2000s,English,art,1,5.0,3.0
Dell'Arte della Guerra,Niccolò Machiavelli,1540,1540s,Other,art,140,3.6363637,11.0
How to Master the Art of Selling,Tom Hopkins,1980,1980s,English,art,9,3.2857144,7.0
Concerning the spiritual in art,Wassily Kandinsky,1912,1910s,Russian,art,24,5.0,3.0
The Book,Hungry Minds,2022,2020s,Spanish,art,2,4.428571,14.0
Con/textual,Desconocido,2001,2000s,English,art,1,5.0,6.0
1000 Chairs,Charlotte Fiell,1997,1990s,French,art,4,4.25,8.0
Rembrandt,Rembrandt Harmenszoon van Rijn,1900,1900s,French,art,93,4.2,5.0
What great paintings say,Rose-Marie Hagen,1993,1990s,English,art,7,5.0,1.0
Art and revolution,John Berger,1969,1960s,English,art,13,1.0,1.0
Composition of outdoor painting,Edgar Alwin Payne,1941,1940s,English,art,4,4.6666665,3.0
The art of ancient Egypt,Gay Robins,1997,1990s,English,art,5,3.0,1.0
Talk Like TED,Carmine Gallo,2014,2010s,Other,art,10,3.5925925,27.0
Design basics,David A. Lauer,2002,2000s,English,art,10,5.0,1.0
Color and light,James Gurney,2010,2010s,English,art,2,5.0,3.0
The Art of War,孙武 (Sun Tzu),1900,1900s,German,art,1542,4.081761,159.0
La tabla de Flandes,Arturo Pérez-Reverte,1990,1990s,German,art,47,3.875,8.0
Design as art,Bruno Munari,1971,1970s,Italian,art,3,4.0,3.0
Graphic design,Milton Glaser,1973,1970s,English,art,6,4.0,1.0
"Bauhaus, 1919-1933",Magdalena Droste,1990,1990s,Spanish,art,9,4.6666665,3.0
Imaginative Realism,James Gurney,2009,2000s,English,art,1,5.0,3.0
About Looking,John Berger,1980,1980s,English,art,9,3.5,2.0
Art since 1940,Jonathan David Fineberg,1995,1990s,English,art,8,4.0,1.0
Indian art,Roy C. Craven,1976,1970s,English,art,6,3.0,1.0
Picasso,William S. Lieberman,1932,1930s,German,art,87,3.5,4.0
Kandinsky,Wassily Kandinsky,1947,1940s,Other,art,54,5.0,2.0
The two paths,John Ruskin,1859,1850s,English,art,42,3.0,1.0
A survey of Persian art from prehistoric times to the present,"Pope, Arthur Upham",1938,1930s,English,art,6,1.0,1.0
The Call of Cthulhu,H.P. Lovecraft,2016,2010s,English,art,5,2.75,4.0
"Trésors d'art médiéval Bulgare, VIIe-XVIe siècle",Desconocido,1988,1980s,French,art,1,4.25,8.0
Ogilvy on advertising,David Ogilvy,1983,1980s,French,art,15,3.5,6.0
The art of Tantra,Philip S. Rawson,1973,1970s,English,art,4,4.5,2.0
Art et beauté dans l'esthétique médiévale,Umberto Eco,1986,1980s,English,art,14,4.0,1.0
Graphic design,Richard Hollis,1994,1990s,English,art,4,4.0,3.0
Egon Schiele,Egon Schiele,1957,1950s,English,art,47,4.0,1.0
Symbolic images,E. H. Gombrich,1972,1970s,English,art,10,4.0,1.0
Études sur les arts du Moyen âge.,Prosper Mérimée,1967,1960s,French,art,1,4.2,5.0
Botero: La corrida,Fernando Botero,1970,1970s,Spanish,art,47,4.5,2.0
Creative illustration,Andrew Loomis,1947,1940s,English,art,9,4.0,1.0
The Stones of Venice,John Ruskin,1851,1850s,English,art,99,4.5,2.0
Drawing the head and hands,Andrew Loomis,1956,1950s,English,art,10,4.571429,7.0
